,username,password
0,00000000A,password
1,66213438A,password
2,72558462V,password
3,14530768N,password
4,44371258A,password
5,97859247C,password
6,88166814V,password
7,57565135E,password
8,75826724W,password
9,65441083B,password
10,29482044T,password
11,54782705V,password
12,05242512F,password
13,52296149Z,password
14,06367309N,password
15,71072401D,password
16,57728805R,password
17,31220476T,password
18,19923137P,password
19,28851130E,password
20,36604823R,password
22,70544728W,password
23,84614601Q,password
24,47007049V,password
25,03047450L,password
26,92162592M,password
27,72564057T,password
28,61363003S,password
29,79429923K,password
30,29555250C,password
31,77195862L,password
32,31428001L,password
33,38724195S,password
34,02573909W,password
35,78301914R,password
36,19883155T,password
37,52951401L,password
38,43440507Q,password
39,34185787J,password
40,18152381E,password
41,94408721T,password
42,77508832M,password
43,04015341R,password
44,76552594S,password
45,66485254M,password
46,91090732Z,password
47,97432240P,password
48,57849270S,password
49,88408899G,password
50,11188246B,password
